,Magnetization,Standard Deviation,time (s)
0,1.0,0.0,6.2736334800720215
1,0.5625,0.23217719526258387,5.962622404098511
